{"r1": [[0.4090909090909091, {"kernel": "knn", "n_neighbors": 3, "alpha": 0.1}], [0.40996840996840994, {"kernel": "knn", "n_neighbors": 3, "alpha": 0.2}], [0.4108459108459108, {"kernel": "knn", "n_neighbors": 3, "alpha": 0.4}], [0.47788697788697787, {"kernel": "knn", "n_neighbors": 5, "alpha": 0.1}], [0.47964197964197963, {"kernel": "knn", "n_neighbors": 5, "alpha": 0.2}], [0.4806949806949807, {"kernel": "knn", "n_neighbors": 5, "alpha": 0.4}], [0.4892944892944893, {"kernel": "knn", "n_neighbors": 7, "alpha": 0.1}], [0.49017199017199015, {"kernel": "knn", "n_neighbors": 7, "alpha": 0.2}], [0.49333099333099334, {"kernel": "knn", "n_neighbors": 7, "alpha": 0.4}], [0.5, {"kernel": "knn", "n_neighbors": 9, "alpha": 0.1}], [0.5001755001755002, {"kernel": "knn", "n_neighbors": 9, "alpha": 0.2}], [0.5008775008775008, {"kernel": "knn", "n_neighbors": 9, "alpha": 0.4}], [0.49982449982449983, {"kernel": "rbf", "gamma": 1.0, "alpha": 0.1}], [0.49947349947349945, {"kernel": "rbf", "gamma": 1.0, "alpha": 0.2}], [0.4992979992979993, {"kernel": "rbf", "gamma": 1.0, "alpha": 0.4}], [0.4684099684099684, {"kernel": "rbf", "gamma": 10.0, "alpha": 0.1}], [0.46823446823446824, {"kernel": "rbf", "gamma": 10.0, "alpha": 0.2}], [0.4684099684099684, {"kernel": "rbf", "gamma": 10.0, "alpha": 0.4}]], "r2": [[0.27044577044577045, {"kernel": "knn", "n_neighbors": 3, "alpha": 0.1}], [0.27114777114777117, {"kernel": "knn", "n_neighbors": 3, "alpha": 0.2}], [0.2706212706212706, {"kernel": "knn", "n_neighbors": 3, "alpha": 0.4}], [0.30449280449280447, {"kernel": "knn", "n_neighbors": 5, "alpha": 0.1}], [0.30572130572130574, {"kernel": "knn", "n_neighbors": 5, "alpha": 0.2}], [0.30554580554580557, {"kernel": "knn", "n_neighbors": 5, "alpha": 0.4}], [0.3071253071253071, {"kernel": "knn", "n_neighbors": 7, "alpha": 0.1}], [0.3099333099333099, {"kernel": "knn", "n_neighbors": 7, "alpha": 0.2}], [0.3127413127413127, {"kernel": "knn", "n_neighbors": 7, "alpha": 0.4}], [0.31133731133731135, {"kernel": "knn", "n_neighbors": 9, "alpha": 0.1}], [0.31186381186381185, {"kernel": "knn", "n_neighbors": 9, "alpha": 0.2}], [0.31467181467181465, {"kernel": "knn", "n_neighbors": 9, "alpha": 0.4}], [0.35152685152685154, {"kernel": "rbf", "gamma": 1.0, "alpha": 0.1}], [0.35152685152685154, {"kernel": "rbf", "gamma": 1.0, "alpha": 0.2}], [0.34854334854334856, {"kernel": "rbf", "gamma": 1.0, "alpha": 0.4}], [0.3229203229203229, {"kernel": "rbf", "gamma": 10.0, "alpha": 0.1}], [0.325026325026325, {"kernel": "rbf", "gamma": 10.0, "alpha": 0.2}], [0.3266058266058266, {"kernel": "rbf", "gamma": 10.0, "alpha": 0.4}]], "r3": [[0.396981396981397, {"kernel": "knn", "n_neighbors": 3, "alpha": 0.1}], [0.3975078975078975, {"kernel": "knn", "n_neighbors": 3, "alpha": 0.2}], [0.3994383994383994, {"kernel": "knn", "n_neighbors": 3, "alpha": 0.4}], [0.46332046332046334, {"kernel": "knn", "n_neighbors": 5, "alpha": 0.1}], [0.4671814671814672, {"kernel": "knn", "n_neighbors": 5, "alpha": 0.2}], [0.47174447174447176, {"kernel": "knn", "n_neighbors": 5, "alpha": 0.4}], [0.4801684801684802, {"kernel": "knn", "n_neighbors": 7, "alpha": 0.1}], [0.4822744822744823, {"kernel": "knn", "n_neighbors": 7, "alpha": 0.2}], [0.4857844857844858, {"kernel": "knn", "n_neighbors": 7, "alpha": 0.4}], [0.4878904878904879, {"kernel": "knn", "n_neighbors": 9, "alpha": 0.1}], [0.48999648999649, {"kernel": "knn", "n_neighbors": 9, "alpha": 0.2}], [0.49403299403299406, {"kernel": "knn", "n_neighbors": 9, "alpha": 0.4}], [0.49333099333099334, {"kernel": "rbf", "gamma": 1.0, "alpha": 0.1}], [0.49368199368199367, {"kernel": "rbf", "gamma": 1.0, "alpha": 0.2}], [0.4922779922779923, {"kernel": "rbf", "gamma": 1.0, "alpha": 0.4}], [0.4705159705159705, {"kernel": "rbf", "gamma": 10.0, "alpha": 0.1}], [0.4713934713934714, {"kernel": "rbf", "gamma": 10.0, "alpha": 0.2}], [0.47472797472797473, {"kernel": "rbf", "gamma": 10.0, "alpha": 0.4}]], "all": [[0.4120744120744121, {"kernel": "knn", "n_neighbors": 3, "alpha": 0.1}], [0.41312741312741313, {"kernel": "knn", "n_neighbors": 3, "alpha": 0.2}], [0.4124254124254124, {"kernel": "knn", "n_neighbors": 3, "alpha": 0.4}], [0.47262197262197264, {"kernel": "knn", "n_neighbors": 5, "alpha": 0.1}], [0.47262197262197264, {"kernel": "knn", "n_neighbors": 5, "alpha": 0.2}], [0.4719199719199719, {"kernel": "knn", "n_neighbors": 5, "alpha": 0.4}], [0.48192348192348194, {"kernel": "knn", "n_neighbors": 7, "alpha": 0.1}], [0.482976482976483, {"kernel": "knn", "n_neighbors": 7, "alpha": 0.2}], [0.48525798525798525, {"kernel": "knn", "n_neighbors": 7, "alpha": 0.4}], [0.48034398034398035, {"kernel": "knn", "n_neighbors": 9, "alpha": 0.1}], [0.48122148122148123, {"kernel": "knn", "n_neighbors": 9, "alpha": 0.2}], [0.48122148122148123, {"kernel": "knn", "n_neighbors": 9, "alpha": 0.4}], [0.4742014742014742, {"kernel": "rbf", "gamma": 1.0, "alpha": 0.1}], [0.47262197262197264, {"kernel": "rbf", "gamma": 1.0, "alpha": 0.2}], [0.4708669708669709, {"kernel": "rbf", "gamma": 1.0, "alpha": 0.4}], [0.4312039312039312, {"kernel": "rbf", "gamma": 10.0, "alpha": 0.1}], [0.43015093015093014, {"kernel": "rbf", "gamma": 10.0, "alpha": 0.2}], [0.42944892944892943, {"kernel": "rbf", "gamma": 10.0, "alpha": 0.4}]]}