{"r1": [[0.17725517725517725, {"kernel": "knn", "n_neighbors": 3, "gamma": 1.0}], [0.17725517725517725, {"kernel": "knn", "n_neighbors": 3, "gamma": 10.0}], [0.1296946296946297, {"kernel": "knn", "n_neighbors": 5, "gamma": 1.0}], [0.1296946296946297, {"kernel": "knn", "n_neighbors": 5, "gamma": 10.0}], [0.09406809406809406, {"kernel": "knn", "n_neighbors": 7, "gamma": 1.0}], [0.09406809406809406, {"kernel": "knn", "n_neighbors": 7, "gamma": 10.0}], [0.07335907335907337, {"kernel": "knn", "n_neighbors": 9, "gamma": 1.0}], [0.07335907335907337, {"kernel": "knn", "n_neighbors": 9, "gamma": 10.0}], [0.4828009828009828, {"kernel": "rbf", "n_neighbors": 3, "gamma": 1.0}], [0.47525447525447523, {"kernel": "rbf", "n_neighbors": 3, "gamma": 10.0}], [0.4828009828009828, {"kernel": "rbf", "n_neighbors": 5, "gamma": 1.0}], [0.47525447525447523, {"kernel": "rbf", "n_neighbors": 5, "gamma": 10.0}], [0.4828009828009828, {"kernel": "rbf", "n_neighbors": 7, "gamma": 1.0}], [0.47525447525447523, {"kernel": "rbf", "n_neighbors": 7, "gamma": 10.0}], [0.4828009828009828, {"kernel": "rbf", "n_neighbors": 9, "gamma": 1.0}], [0.47525447525447523, {"kernel": "rbf", "n_neighbors": 9, "gamma": 10.0}]], "r2": [[0.14513864513864513, {"kernel": "knn", "n_neighbors": 3, "gamma": 1.0}], [0.14513864513864513, {"kernel": "knn", "n_neighbors": 3, "gamma": 10.0}], [0.10916110916110916, {"kernel": "knn", "n_neighbors": 5, "gamma": 1.0}], [0.10916110916110916, {"kernel": "knn", "n_neighbors": 5, "gamma": 10.0}], [0.10951210951210952, {"kernel": "knn", "n_neighbors": 7, "gamma": 1.0}], [0.10951210951210952, {"kernel": "knn", "n_neighbors": 7, "gamma": 10.0}], [0.10635310635310635, {"kernel": "knn", "n_neighbors": 9, "gamma": 1.0}], [0.10635310635310635, {"kernel": "knn", "n_neighbors": 9, "gamma": 10.0}], [0.34784134784134785, {"kernel": "rbf", "n_neighbors": 3, "gamma": 1.0}], [0.32116532116532115, {"kernel": "rbf", "n_neighbors": 3, "gamma": 10.0}], [0.34784134784134785, {"kernel": "rbf", "n_neighbors": 5, "gamma": 1.0}], [0.32116532116532115, {"kernel": "rbf", "n_neighbors": 5, "gamma": 10.0}], [0.34784134784134785, {"kernel": "rbf", "n_neighbors": 7, "gamma": 1.0}], [0.32116532116532115, {"kernel": "rbf", "n_neighbors": 7, "gamma": 10.0}], [0.34784134784134785, {"kernel": "rbf", "n_neighbors": 9, "gamma": 1.0}], [0.32116532116532115, {"kernel": "rbf", "n_neighbors": 9, "gamma": 10.0}]], "r3": [[0.1826956826956827, {"kernel": "knn", "n_neighbors": 3, "gamma": 1.0}], [0.1826956826956827, {"kernel": "knn", "n_neighbors": 3, "gamma": 10.0}], [0.13811863811863812, {"kernel": "knn", "n_neighbors": 5, "gamma": 1.0}], [0.13811863811863812, {"kernel": "knn", "n_neighbors": 5, "gamma": 10.0}], [0.1217971217971218, {"kernel": "knn", "n_neighbors": 7, "gamma": 1.0}], [0.1217971217971218, {"kernel": "knn", "n_neighbors": 7, "gamma": 10.0}], [0.10021060021060021, {"kernel": "knn", "n_neighbors": 9, "gamma": 1.0}], [0.10021060021060021, {"kernel": "knn", "n_neighbors": 9, "gamma": 10.0}], [0.4842049842049842, {"kernel": "rbf", "n_neighbors": 3, "gamma": 1.0}], [0.47455247455247457, {"kernel": "rbf", "n_neighbors": 3, "gamma": 10.0}], [0.4842049842049842, {"kernel": "rbf", "n_neighbors": 5, "gamma": 1.0}], [0.47455247455247457, {"kernel": "rbf", "n_neighbors": 5, "gamma": 10.0}], [0.4842049842049842, {"kernel": "rbf", "n_neighbors": 7, "gamma": 1.0}], [0.47455247455247457, {"kernel": "rbf", "n_neighbors": 7, "gamma": 10.0}], [0.4842049842049842, {"kernel": "rbf", "n_neighbors": 9, "gamma": 1.0}], [0.47455247455247457, {"kernel": "rbf", "n_neighbors": 9, "gamma": 10.0}]], "all": [[0.15145665145665146, {"kernel": "knn", "n_neighbors": 3, "gamma": 1.0}], [0.15145665145665146, {"kernel": "knn", "n_neighbors": 3, "gamma": 10.0}], [0.08388908388908389, {"kernel": "knn", "n_neighbors": 5, "gamma": 1.0}], [0.08388908388908389, {"kernel": "knn", "n_neighbors": 5, "gamma": 10.0}], [0.06546156546156547, {"kernel": "knn", "n_neighbors": 7, "gamma": 1.0}], [0.06546156546156547, {"kernel": "knn", "n_neighbors": 7, "gamma": 10.0}], [0.06002106002106002, {"kernel": "knn", "n_neighbors": 9, "gamma": 1.0}], [0.06002106002106002, {"kernel": "knn", "n_neighbors": 9, "gamma": 10.0}], [0.04984204984204984, {"kernel": "rbf", "n_neighbors": 3, "gamma": 1.0}], [0.04984204984204984, {"kernel": "rbf", "n_neighbors": 3, "gamma": 10.0}], [0.04984204984204984, {"kernel": "rbf", "n_neighbors": 5, "gamma": 1.0}], [0.04984204984204984, {"kernel": "rbf", "n_neighbors": 5, "gamma": 10.0}], [0.04984204984204984, {"kernel": "rbf", "n_neighbors": 7, "gamma": 1.0}], [0.04984204984204984, {"kernel": "rbf", "n_neighbors": 7, "gamma": 10.0}], [0.04984204984204984, {"kernel": "rbf", "n_neighbors": 9, "gamma": 1.0}], [0.04984204984204984, {"kernel": "rbf", "n_neighbors": 9, "gamma": 10.0}]]}